"source_set","original_path","copied_path","relative_category","sha256"
"seed","C:\Users\cobra\wuxia-warrior\audio\review\candidates\attack_start\knight_heavy\01_sword_5.ogg","C:\Users\cobra\wuxia-warrior\audio\review\all_candidates\candidates\attack_start\knight_heavy\seed__01_sword_5.ogg","attack_start\knight_heavy","135D1B26AAD8D2F2205E56C14CD0162755A883E9419D6FD955CB978126A77452"
"seed","C:\Users\cobra\wuxia-warrior\audio\review\candidates\attack_start\knight_heavy\02_swish_10.wav","C:\Users\cobra\wuxia-warrior\audio\review\all_candidates\candidates\attack_start\knight_heavy\seed__02_swish_10.wav","attack_start\knight_heavy","4F7381A76F280D3F36F962AC3F44F16F77EEC44797F30715D063C81EA3859024"
"seed","C:\Users\cobra\wuxia-warrior\audio\review\candidates\attack_start\knight_heavy\03_swish_12.wav","C:\Users\cobra\wuxia-warrior\audio\review\all_candidates\candidates\attack_start\knight_heavy\seed__03_swish_12.wav","attack_start\knight_heavy","0513A86D428D9ED8601E93B8554580A5932C6C1A82D39D81A8F48883F1807A67"
"seed","C:\Users\cobra\wuxia-warrior\audio\review\candidates\attack_start\knight_quick\01_sword_2.ogg","C:\Users\cobra\wuxia-warrior\audio\review\all_candidates\candidates\attack_start\knight_quick\seed__01_sword_2.ogg","attack_start\knight_quick","E74221F6CEC0ACAA7C19095618C683C3CDC1741F02193B61CB28A2EC56CBFCE2"
"seed","C:\Users\cobra\wuxia-warrior\audio\review\candidates\attack_start\knight_quick\02_swish_4.wav","C:\Users\cobra\wuxia-warrior\audio\review\all_candidates\candidates\attack_start\knight_quick\seed__02_swish_4.wav","attack_start\knight_quick","0060F4A7040EDCE4CC50D1DAA10A9CB76764128A942E4688339E69CD1D5D784C"
"seed","C:\Users\cobra\wuxia-warrior\audio\review\candidates\attack_start\knight_quick\03_drawKnife1.ogg","C:\Users\cobra\wuxia-warrior\audio\review\all_candidates\candidates\attack_start\knight_quick\seed__03_drawKnife1.ogg","attack_start\knight_quick","276403E72C3B71C47BC24DB3083970C23F8E5551FFA78F436F83483C56F3F0BB"
"seed","C:\Users\cobra\wuxia-warrior\audio\review\candidates\attack_start\knight_thrust\01_sword_4.ogg","C:\Users\cobra\wuxia-warrior\audio\review\all_candidates\candidates\attack_start\knight_thrust\seed__01_sword_4.ogg","attack_start\knight_thrust","320AA8A77D35F9354C3D7E03A53E987AE67B0C5721F0DD2680100C5E6B5E4CC4"
"seed","C:\Users\cobra\wuxia-warrior\audio\review\candidates\attack_start\knight_thrust\02_drawKnife3.ogg","C:\Users\cobra\wuxia-warrior\audio\review\all_candidates\candidates\attack_start\knight_thrust\seed__02_drawKnife3.ogg","attack_start\knight_thrust","A11AE62FB1A628425769D11A9DE394980AD8909C31F4C9A4316F226963E21CAF"
"seed","C:\Users\cobra\wuxia-warrior\audio\review\candidates\attack_start\knight_thrust\03_knifeSlice2.ogg","C:\Users\cobra\wuxia-warrior\audio\review\all_candidates\candidates\attack_start\knight_thrust\seed__03_knifeSlice2.ogg","attack_start\knight_thrust","6C2064D0EF988D1EC3D56868E823EA8823A5CAC00F2742560052633529407DEF"
"seed","C:\Users\cobra\wuxia-warrior\audio\review\candidates\attack_start\ronin_heavy\01_sword_3.ogg","C:\Users\cobra\wuxia-warrior\audio\review\all_candidates\candidates\attack_start\ronin_heavy\seed__01_sword_3.ogg","attack_start\ronin_heavy","CE09EB2987531D1323415065D7811A9CF0EA8639766D9FA77655D602E7E14989"
"seed","C:\Users\cobra\wuxia-warrior\audio\review\candidates\attack_start\ronin_heavy\02_swish_8.wav","C:\Users\cobra\wuxia-warrior\audio\review\all_candidates\candidates\attack_start\ronin_heavy\seed__02_swish_8.wav","attack_start\ronin_heavy","113A3709AD889AD2FCF38EACEAF4EB9D67FFE1E96713FED93A6F0AED08769980"
"seed","C:\Users\cobra\wuxia-warrior\audio\review\candidates\attack_start\ronin_heavy\03_swish_9.wav","C:\Users\cobra\wuxia-warrior\audio\review\all_candidates\candidates\attack_start\ronin_heavy\seed__03_swish_9.wav","attack_start\ronin_heavy","123883F006CE55FEECBFF11EEA5F87C4493DF4399989983037144570A23723C1"
"seed","C:\Users\cobra\wuxia-warrior\audio\review\candidates\attack_start\ronin_quick\01_sword_1.ogg","C:\Users\cobra\wuxia-warrior\audio\review\all_candidates\candidates\attack_start\ronin_quick\seed__01_sword_1.ogg","attack_start\ronin_quick","4A3E80705619CBD7500682AB51004011DDF67E14CCF1818CEB9E5B539FE42B75"
"seed","C:\Users\cobra\wuxia-warrior\audio\review\candidates\attack_start\ronin_quick\02_swish_1.wav","C:\Users\cobra\wuxia-warrior\audio\review\all_candidates\candidates\attack_start\ronin_quick\seed__02_swish_1.wav","attack_start\ronin_quick","9A15C881345C1CE1C39CC31F52F081C8C4DC81FA41111E0079400F39D3BA0E45"
"seed","C:\Users\cobra\wuxia-warrior\audio\review\candidates\attack_start\ronin_thrust\01_knifeSlice1.ogg","C:\Users\cobra\wuxia-warrior\audio\review\all_candidates\candidates\attack_start\ronin_thrust\seed__01_knifeSlice1.ogg","attack_start\ronin_thrust","4CD96DC630BED9840C15F1DD2306DA2CC56A4DA26A5D3F1A03C5A7265AC5E54F"
"seed","C:\Users\cobra\wuxia-warrior\audio\review\candidates\attack_start\ronin_thrust\02_swish_3.wav","C:\Users\cobra\wuxia-warrior\audio\review\all_candidates\candidates\attack_start\ronin_thrust\seed__02_swish_3.wav","attack_start\ronin_thrust","55B100E2C67FA43DAD8510E31E85BBD51A68D5CE84A6E0259E21E19030083E24"
"seed","C:\Users\cobra\wuxia-warrior\audio\review\candidates\attack_start\ronin_thrust\03_drawKnife2.ogg","C:\Users\cobra\wuxia-warrior\audio\review\all_candidates\candidates\attack_start\ronin_thrust\seed__03_drawKnife2.ogg","attack_start\ronin_thrust","D5DF6A4130CBB016F97B4883769A418917B9629CB4C21717030B186E0C73281A"
"seed","C:\Users\cobra\wuxia-warrior\audio\review\candidates\attack_start\spearman_heavy\01_swish_11.wav","C:\Users\cobra\wuxia-warrior\audio\review\all_candidates\candidates\attack_start\spearman_heavy\seed__01_swish_11.wav","attack_start\spearman_heavy","9E81D548D8215FBB36F7A41B5771D4B52C2FD02FBB9B5FF9A4C65118FD88EE4D"
"seed","C:\Users\cobra\wuxia-warrior\audio\review\candidates\attack_start\spearman_heavy\02_sword_6.ogg","C:\Users\cobra\wuxia-warrior\audio\review\all_candidates\candidates\attack_start\spearman_heavy\seed__02_sword_6.ogg","attack_start\spearman_heavy","5B6EAAAC9C552CE364CFDEA3C12CEF846C89796FC9BB880181615F43EE4E4779"
"seed","C:\Users\cobra\wuxia-warrior\audio\review\candidates\attack_start\spearman_heavy\03_swish_13.wav","C:\Users\cobra\wuxia-warrior\audio\review\all_candidates\candidates\attack_start\spearman_heavy\seed__03_swish_13.wav","attack_start\spearman_heavy","698230BA3FE05A68C18D68CD6B3A07FB98E6C1198BB1A4238592EE9912C02C77"
"seed","C:\Users\cobra\wuxia-warrior\audio\review\candidates\attack_start\spearman_quick\01_swish_2.wav","C:\Users\cobra\wuxia-warrior\audio\review\all_candidates\candidates\attack_start\spearman_quick\seed__01_swish_2.wav","attack_start\spearman_quick","1CE7752CCE3D43F16FC222AD7F7FFB69D9A5FC01E64B93D205765FC37B8E9B0D"
"seed","C:\Users\cobra\wuxia-warrior\audio\review\candidates\attack_start\spearman_thrust\01_air_move.wav","C:\Users\cobra\wuxia-warrior\audio\review\all_candidates\candidates\attack_start\spearman_thrust\seed__01_air_move.wav","attack_start\spearman_thrust","B4E7BDF9F0C3D79DD4D48A0D56A5861847256B31E97BB74B948E95D5CB2FA26E"
"seed","C:\Users\cobra\wuxia-warrior\audio\review\candidates\defense\block\01_sword_clash_2.ogg","C:\Users\cobra\wuxia-warrior\audio\review\all_candidates\candidates\defense\block\seed__01_sword_clash_2.ogg","defense\block","E09F222B70D53F2967514D076E2AE50C21526AC640FE4919965F964AF043DA1A"
"seed","C:\Users\cobra\wuxia-warrior\audio\review\candidates\defense\block\02_sword_clash_4.ogg","C:\Users\cobra\wuxia-warrior\audio\review\all_candidates\candidates\defense\block\seed__02_sword_clash_4.ogg","defense\block","4C2C962F8703882B8A6F863C1F5A35C6AE518D0281755FAC9A13E63A73B86FA5"
"seed","C:\Users\cobra\wuxia-warrior\audio\review\candidates\defense\block\03_axe_sabre_hilt.wav","C:\Users\cobra\wuxia-warrior\audio\review\all_candidates\candidates\defense\block\seed__03_axe_sabre_hilt.wav","defense\block","742272D3A95BBFB6FA85365E1D081300B370075D3D5E7E32446C5E6CB52EC8AC"
"seed","C:\Users\cobra\wuxia-warrior\audio\review\candidates\defense\clash\01_sword_clash_9.ogg","C:\Users\cobra\wuxia-warrior\audio\review\all_candidates\candidates\defense\clash\seed__01_sword_clash_9.ogg","defense\clash","AABD55AD99A1D171B50D741923077488A1021460FAB35ADF4FB7F36DEF49ADC0"
"seed","C:\Users\cobra\wuxia-warrior\audio\review\candidates\defense\clash\02_norse_katana_blade.wav","C:\Users\cobra\wuxia-warrior\audio\review\all_candidates\candidates\defense\clash\seed__02_norse_katana_blade.wav","defense\clash","612C512A890233F9A4475E2317190DC05CB2560ADD2BD0E5A93D6665E4E0C53F"
"seed","C:\Users\cobra\wuxia-warrior\audio\review\candidates\defense\clash\03_spear_katana_blade.wav","C:\Users\cobra\wuxia-warrior\audio\review\all_candidates\candidates\defense\clash\seed__03_spear_katana_blade.wav","defense\clash","A7806EFBB9A1D2CA84B5F1A582E5C2299CD41CFDBC0A63AD2E9A481D55BB304A"
"seed","C:\Users\cobra\wuxia-warrior\audio\review\candidates\defense\parry\01_clink1.wav","C:\Users\cobra\wuxia-warrior\audio\review\all_candidates\candidates\defense\parry\seed__01_clink1.wav","defense\parry","0D439CD2B1F36F501B94C39661E39F91D160AFFE25C79F77DFF7A2CD0ED7EADD"
"seed","C:\Users\cobra\wuxia-warrior\audio\review\candidates\defense\parry\02_clink3.wav","C:\Users\cobra\wuxia-warrior\audio\review\all_candidates\candidates\defense\parry\seed__02_clink3.wav","defense\parry","DD07516E51E9092EFC36D13668DE7D29D096955A437894CEDEB5064933E2650F"
"seed","C:\Users\cobra\wuxia-warrior\audio\review\candidates\defense\parry\03_spear_sabre_hilt.wav","C:\Users\cobra\wuxia-warrior\audio\review\all_candidates\candidates\defense\parry\seed__03_spear_sabre_hilt.wav","defense\parry","DF8E9BAC5DA0A7E90622030B63E88A28C1DB407F758D9FEBEA12B149E1F91C93"
"seed","C:\Users\cobra\wuxia-warrior\audio\review\candidates\hit\heavy\01_impactMetal_heavy_001.ogg","C:\Users\cobra\wuxia-warrior\audio\review\all_candidates\candidates\hit\heavy\seed__01_impactMetal_heavy_001.ogg","hit\heavy","83554049F81F4DB9209379E103C30BFA63F65C42189A03F300B045C2C82E23AE"
"seed","C:\Users\cobra\wuxia-warrior\audio\review\candidates\hit\heavy\02_impactBell_heavy_002.ogg","C:\Users\cobra\wuxia-warrior\audio\review\all_candidates\candidates\hit\heavy\seed__02_impactBell_heavy_002.ogg","hit\heavy","A4171ED1A4A17FB858A38DE1C59B5B42E50D8F046C525706C0E3AC8671F189F5"
"seed","C:\Users\cobra\wuxia-warrior\audio\review\candidates\hit\heavy\03_bong1.wav","C:\Users\cobra\wuxia-warrior\audio\review\all_candidates\candidates\hit\heavy\seed__03_bong1.wav","hit\heavy","A6558D186F2843AEFA212D567963B0AD79A6F78614BCF650F519620FC1549A6D"
"seed","C:\Users\cobra\wuxia-warrior\audio\review\candidates\hit\light\01_impactMetal_light_001.ogg","C:\Users\cobra\wuxia-warrior\audio\review\all_candidates\candidates\hit\light\seed__01_impactMetal_light_001.ogg","hit\light","FBA69C467DDD85DA7B1D82E259F936B876D9BA6A3D6F1B24BDD10468E46BFE08"
"seed","C:\Users\cobra\wuxia-warrior\audio\review\candidates\hit\light\02_impactMetal_light_003.ogg","C:\Users\cobra\wuxia-warrior\audio\review\all_candidates\candidates\hit\light\seed__02_impactMetal_light_003.ogg","hit\light","92D5DB6BFC672D9DC1B4F390B2900504F013187FA36335472554FAFEFA9050B1"
"seed","C:\Users\cobra\wuxia-warrior\audio\review\candidates\hit\light\03_bing1.wav","C:\Users\cobra\wuxia-warrior\audio\review\all_candidates\candidates\hit\light\seed__03_bing1.wav","hit\light","D14941CE27E6B409E0CD941EAAD7201D613070A4C3EB9C3627FEC4CF3AE686E4"
"seed","C:\Users\cobra\wuxia-warrior\audio\review\candidates\hit\thrust\01_impactMetal_medium_001.ogg","C:\Users\cobra\wuxia-warrior\audio\review\all_candidates\candidates\hit\thrust\seed__01_impactMetal_medium_001.ogg","hit\thrust","E8A9EABA7C4D27422E4EEB3E6C7100D5D7DC0F83E005EFC98C960ADCC5265337"
"seed","C:\Users\cobra\wuxia-warrior\audio\review\candidates\hit\thrust\02_impactPlate_light_002.ogg","C:\Users\cobra\wuxia-warrior\audio\review\all_candidates\candidates\hit\thrust\seed__02_impactPlate_light_002.ogg","hit\thrust","8AC5869EA434CF0D364872774EFE70B2D666A4F02BA35DDFC1E051D336721BE8"
"seed","C:\Users\cobra\wuxia-warrior\audio\review\candidates\hit\thrust\03_clink2.wav","C:\Users\cobra\wuxia-warrior\audio\review\all_candidates\candidates\hit\thrust\seed__03_clink2.wav","hit\thrust","ECBF5A221F2AFF32376B8584EEA875D0B7D9963D22F6C16E237F5E7B63F51DC2"
"seed","C:\Users\cobra\wuxia-warrior\audio\review\candidates\movement\backstep\03_cloth_belt_2.ogg","C:\Users\cobra\wuxia-warrior\audio\review\all_candidates\candidates\movement\backstep\seed__03_cloth_belt_2.ogg","movement\backstep","D545B1D9F20E6188140AAF551A96F1E82FE0D15F7CA066FAC8B065E1231E0038"
"seed","C:\Users\cobra\wuxia-warrior\audio\review\candidates\movement\footstep\01_stone_l1.ogg","C:\Users\cobra\wuxia-warrior\audio\review\all_candidates\candidates\movement\footstep\seed__01_stone_l1.ogg","movement\footstep","2D85768F04A85B6068F3548B33D6E0B0424C5E62B0941042D593AFFD3A9555D4"
"seed","C:\Users\cobra\wuxia-warrior\audio\review\candidates\movement\footstep\02_concrete_001.ogg","C:\Users\cobra\wuxia-warrior\audio\review\all_candidates\candidates\movement\footstep\seed__02_concrete_001.ogg","movement\footstep","507A75EB19B897087855A3BE3CF11A12D7FA37D143AD535EEEBE0B8031C7325D"
"seed","C:\Users\cobra\wuxia-warrior\audio\review\candidates\movement\footstep\03_wood_002.ogg","C:\Users\cobra\wuxia-warrior\audio\review\all_candidates\candidates\movement\footstep\seed__03_wood_002.ogg","movement\footstep","9FF095B05CEE5EEC40B081DEFE3F0EEF7232BB16D4865CE03B9F6DBAB875CFDD"
"seed","C:\Users\cobra\wuxia-warrior\audio\review\candidates\movement\sidestep\03_cloth_1.ogg","C:\Users\cobra\wuxia-warrior\audio\review\all_candidates\candidates\movement\sidestep\seed__03_cloth_1.ogg","movement\sidestep","DDB93A3671233F95DA0E0B10367F082F7EB42FA6CAADDCF776410AA8833C747D"
"seed","C:\Users\cobra\wuxia-warrior\audio\review\candidates\system\ring_out\01_bong_001.ogg","C:\Users\cobra\wuxia-warrior\audio\review\all_candidates\candidates\system\ring_out\seed__01_bong_001.ogg","system\ring_out","D21D0F0B782445DB579D11E2506B24CD1AC9D664EE33AEAF807761AA7B6FD710"
"seed","C:\Users\cobra\wuxia-warrior\audio\review\candidates\system\ring_out\02_impactBell_heavy_004.ogg","C:\Users\cobra\wuxia-warrior\audio\review\all_candidates\candidates\system\ring_out\seed__02_impactBell_heavy_004.ogg","system\ring_out","49FE4FAFA2001BD0D312976796824571CA8429851F285997E1327D17BB34FD00"
"seed","C:\Users\cobra\wuxia-warrior\audio\review\candidates\system\ring_out\03_impactPlate_heavy_003.ogg","C:\Users\cobra\wuxia-warrior\audio\review\all_candidates\candidates\system\ring_out\seed__03_impactPlate_heavy_003.ogg","system\ring_out","59775F8979A396C8A793B0A1DB206D5BDC651EAE808D858E9ACAEE8EBDA5BC6D"
"seed","C:\Users\cobra\wuxia-warrior\audio\review\candidates\ui\menu_back\01_back_002.ogg","C:\Users\cobra\wuxia-warrior\audio\review\all_candidates\candidates\ui\menu_back\seed__01_back_002.ogg","ui\menu_back","61581C58194E3F19F531072EDABBC344204C7E0A2887B8EDEDCE4357BCF09195"
"seed","C:\Users\cobra\wuxia-warrior\audio\review\candidates\ui\menu_back\02_click_002.ogg","C:\Users\cobra\wuxia-warrior\audio\review\all_candidates\candidates\ui\menu_back\seed__02_click_002.ogg","ui\menu_back","ADCD1F4ADC35F1B41BC1B5BBEFEFF7AA44F2F3F0D96D3199B544140C7C1E761C"
"seed","C:\Users\cobra\wuxia-warrior\audio\review\candidates\ui\menu_back\03_switch_003.ogg","C:\Users\cobra\wuxia-warrior\audio\review\all_candidates\candidates\ui\menu_back\seed__03_switch_003.ogg","ui\menu_back","CA12DD32103F401481D5AFF56D5E9831174E99BB577139C09B07D046EB8B837E"
"seed","C:\Users\cobra\wuxia-warrior\audio\review\candidates\ui\menu_confirm\01_select_002.ogg","C:\Users\cobra\wuxia-warrior\audio\review\all_candidates\candidates\ui\menu_confirm\seed__01_select_002.ogg","ui\menu_confirm","4CC6AC5341B9B2C86FEF80C347DE028E9AB9F2E037586AC7D9FA59A403A1C012"
"seed","C:\Users\cobra\wuxia-warrior\audio\review\candidates\ui\menu_confirm\02_confirmation_003.ogg","C:\Users\cobra\wuxia-warrior\audio\review\all_candidates\candidates\ui\menu_confirm\seed__02_confirmation_003.ogg","ui\menu_confirm","3091BF0BE0497F825769EE0733CA7BDC3BCD59BD6C6E8F2BA8F93D580FF38022"
"seed","C:\Users\cobra\wuxia-warrior\audio\review\candidates\ui\menu_confirm\03_switch12.ogg","C:\Users\cobra\wuxia-warrior\audio\review\all_candidates\candidates\ui\menu_confirm\seed__03_switch12.ogg","ui\menu_confirm","DAB0C21EACB6536724D139C27C0D60C932C87171752DC8D24D7A826694377F94"
"seed","C:\Users\cobra\wuxia-warrior\audio\review\candidates\ui\round_start\01_open_004.ogg","C:\Users\cobra\wuxia-warrior\audio\review\all_candidates\candidates\ui\round_start\seed__01_open_004.ogg","ui\round_start","4E02B8287BC4D9E7BF7A889CB9E48613C8EB22A310DFB0BF29C2BFD0A1E4BEA5"
"seed","C:\Users\cobra\wuxia-warrior\audio\review\candidates\ui\round_start\02_switch30.ogg","C:\Users\cobra\wuxia-warrior\audio\review\all_candidates\candidates\ui\round_start\seed__02_switch30.ogg","ui\round_start","D220ABB5218FCCC6D37649E17E7CCE2A4E253F474332D9EA2B0F0518264AFF5A"
"seed","C:\Users\cobra\wuxia-warrior\audio\review\candidates\ui\round_start\03_select_007.ogg","C:\Users\cobra\wuxia-warrior\audio\review\all_candidates\candidates\ui\round_start\seed__03_select_007.ogg","ui\round_start","CD4390DD2B24F09016A5FA1BE63334FA0F1859811F4CF29C02E8E2750F6A2CD0"
"seed","C:\Users\cobra\wuxia-warrior\audio\review\candidates\ui\round_win_ko\01_win_sound.wav","C:\Users\cobra\wuxia-warrior\audio\review\all_candidates\candidates\ui\round_win_ko\seed__01_win_sound.wav","ui\round_win_ko","E4BB5377BF9490CA9BC5BC4D3D957F1EC74B930450D8AD578D15FE1C4F319CAF"
"seed","C:\Users\cobra\wuxia-warrior\audio\review\candidates\ui\round_win_ko\02_confirmation_004.ogg","C:\Users\cobra\wuxia-warrior\audio\review\all_candidates\candidates\ui\round_win_ko\seed__02_confirmation_004.ogg","ui\round_win_ko","568967A3D9F8A8F6AF54EA01729C4882284308F2A27D78C07FFD7EE0D6951661"
"seed","C:\Users\cobra\wuxia-warrior\audio\review\candidates\ui\round_win_ko\03_maximize_009.ogg","C:\Users\cobra\wuxia-warrior\audio\review\all_candidates\candidates\ui\round_win_ko\seed__03_maximize_009.ogg","ui\round_win_ko","B4D56386258B3CC1C8F6E5A22465F8CD65DE3D4309E022664050F43151E466CD"
"itch_pass","C:\Users\cobra\wuxia-warrior\audio\review\itch_pass\candidates\attack_start\knight_heavy\01_sword_whoosh_13.wav","C:\Users\cobra\wuxia-warrior\audio\review\all_candidates\candidates\attack_start\knight_heavy\itch_pass__01_sword_whoosh_13.wav","attack_start\knight_heavy","7D80DC54D55F6FFFF58A094063A40C1F10B9BA2419EF2D754625629C73F497A9"
"itch_pass","C:\Users\cobra\wuxia-warrior\audio\review\itch_pass\candidates\attack_start\knight_heavy\02_sword_whoosh_05.wav","C:\Users\cobra\wuxia-warrior\audio\review\all_candidates\candidates\attack_start\knight_heavy\itch_pass__02_sword_whoosh_05.wav","attack_start\knight_heavy","2D32B9195716C3E6C25317CD9CDA289B7C723C99FD6C82B08CF7CCB343B1030F"
"itch_pass","C:\Users\cobra\wuxia-warrior\audio\review\itch_pass\candidates\attack_start\knight_heavy\03_hove_whoosh_07.wav","C:\Users\cobra\wuxia-warrior\audio\review\all_candidates\candidates\attack_start\knight_heavy\itch_pass__03_hove_whoosh_07.wav","attack_start\knight_heavy","9B4B860840F27B05BC7B4267DC870C0A0AECD00A10D3C947EA3922CEBEDFBCE4"
"itch_pass","C:\Users\cobra\wuxia-warrior\audio\review\itch_pass\candidates\attack_start\knight_quick\01_sword_whoosh_03.wav","C:\Users\cobra\wuxia-warrior\audio\review\all_candidates\candidates\attack_start\knight_quick\itch_pass__01_sword_whoosh_03.wav","attack_start\knight_quick","08AF572AA6149782302CA8A21595CF40D6611CF496DAA274D02C97A3784252D2"
"itch_pass","C:\Users\cobra\wuxia-warrior\audio\review\itch_pass\candidates\attack_start\knight_quick\02_sword_whoosh_02.wav","C:\Users\cobra\wuxia-warrior\audio\review\all_candidates\candidates\attack_start\knight_quick\itch_pass__02_sword_whoosh_02.wav","attack_start\knight_quick","CBA6AAA157460A4E8B7624E7624AEB333D57605B158E381869B9A266BF57F68E"
"itch_pass","C:\Users\cobra\wuxia-warrior\audio\review\itch_pass\candidates\attack_start\knight_quick\03_sword_slide_01.wav","C:\Users\cobra\wuxia-warrior\audio\review\all_candidates\candidates\attack_start\knight_quick\itch_pass__03_sword_slide_01.wav","attack_start\knight_quick","E680B1E5D9140DEB831A4E352A078A4335715E9735DB50FC5CE7D67A92A08AB5"
"itch_pass","C:\Users\cobra\wuxia-warrior\audio\review\itch_pass\candidates\attack_start\knight_thrust\01_hove_stab_whoosh_01.wav","C:\Users\cobra\wuxia-warrior\audio\review\all_candidates\candidates\attack_start\knight_thrust\itch_pass__01_hove_stab_whoosh_01.wav","attack_start\knight_thrust","53DCA180E17DD02807CCCE772F666BC26C556BB76A490EB7F591061C7CC34C56"
"itch_pass","C:\Users\cobra\wuxia-warrior\audio\review\itch_pass\candidates\attack_start\knight_thrust\02_hove_stab_whoosh_11.wav","C:\Users\cobra\wuxia-warrior\audio\review\all_candidates\candidates\attack_start\knight_thrust\itch_pass__02_hove_stab_whoosh_11.wav","attack_start\knight_thrust","2EF87C424DB257E5C2757C95231A80C150B2A8A0FAEFFE714E4AD526E97C1329"
"itch_pass","C:\Users\cobra\wuxia-warrior\audio\review\itch_pass\candidates\attack_start\knight_thrust\03_sword_slide_03.wav","C:\Users\cobra\wuxia-warrior\audio\review\all_candidates\candidates\attack_start\knight_thrust\itch_pass__03_sword_slide_03.wav","attack_start\knight_thrust","23625199FF57288D6754F1D4EED4CC3FC9DFB687C0B3B669C5009FD64D14FA84"
"itch_pass","C:\Users\cobra\wuxia-warrior\audio\review\itch_pass\candidates\attack_start\ronin_heavy\01_whoosh_medium_02.ogg","C:\Users\cobra\wuxia-warrior\audio\review\all_candidates\candidates\attack_start\ronin_heavy\itch_pass__01_whoosh_medium_02.ogg","attack_start\ronin_heavy","B1C571D6B80B35FB8548740FB9FCA6AC6A7479CFA46615CB28F98B2F9F287BD6"
"itch_pass","C:\Users\cobra\wuxia-warrior\audio\review\itch_pass\candidates\attack_start\ronin_heavy\02_whoosh_medium_05.ogg","C:\Users\cobra\wuxia-warrior\audio\review\all_candidates\candidates\attack_start\ronin_heavy\itch_pass__02_whoosh_medium_05.ogg","attack_start\ronin_heavy","FFC8746C3A31E0298876AA74E73C1980F812FBD7F681A4A9AEE99DCF58C55781"
"itch_pass","C:\Users\cobra\wuxia-warrior\audio\review\itch_pass\candidates\attack_start\ronin_heavy\03_sword_whoosh_10.wav","C:\Users\cobra\wuxia-warrior\audio\review\all_candidates\candidates\attack_start\ronin_heavy\itch_pass__03_sword_whoosh_10.wav","attack_start\ronin_heavy","23740383EA0C7DF14E4069443849FEFE71E56AA43DE843F092D6BDDC552284B2"
"itch_pass","C:\Users\cobra\wuxia-warrior\audio\review\itch_pass\candidates\attack_start\ronin_quick\01_whoosh_shortest_02.ogg","C:\Users\cobra\wuxia-warrior\audio\review\all_candidates\candidates\attack_start\ronin_quick\itch_pass__01_whoosh_shortest_02.ogg","attack_start\ronin_quick","0773738B99DCD3C505A026543868D88E1FC8A68654A20BC6C6A1E162298FE2A8"
"itch_pass","C:\Users\cobra\wuxia-warrior\audio\review\itch_pass\candidates\attack_start\ronin_quick\02_whoosh_shortest_05.ogg","C:\Users\cobra\wuxia-warrior\audio\review\all_candidates\candidates\attack_start\ronin_quick\itch_pass__02_whoosh_shortest_05.ogg","attack_start\ronin_quick","7522E2B1658FBEB047283DD42A6C10920DE0676DAF1103E81072CBDB15DFF64E"
"itch_pass","C:\Users\cobra\wuxia-warrior\audio\review\itch_pass\candidates\attack_start\ronin_quick\03_whoosh_shortest_08.ogg","C:\Users\cobra\wuxia-warrior\audio\review\all_candidates\candidates\attack_start\ronin_quick\itch_pass__03_whoosh_shortest_08.ogg","attack_start\ronin_quick","010EFC3B198EBA09B2C2AEC28B542F6FC54840EB71C5BD12FCD6DA30E14712C5"
"itch_pass","C:\Users\cobra\wuxia-warrior\audio\review\itch_pass\candidates\attack_start\ronin_thrust\01_whoosh_short_02.ogg","C:\Users\cobra\wuxia-warrior\audio\review\all_candidates\candidates\attack_start\ronin_thrust\itch_pass__01_whoosh_short_02.ogg","attack_start\ronin_thrust","B5C02B64D088BF52CBCCA14F20487BFF84BA427E0F1D5A1859F8BA382D4CA6A7"
"itch_pass","C:\Users\cobra\wuxia-warrior\audio\review\itch_pass\candidates\attack_start\ronin_thrust\02_whoosh_short_06.ogg","C:\Users\cobra\wuxia-warrior\audio\review\all_candidates\candidates\attack_start\ronin_thrust\itch_pass__02_whoosh_short_06.ogg","attack_start\ronin_thrust","71FCCCC70890248B34EBAB599A19BC05F3B572637632D5A191FE8B27D05DC111"
"itch_pass","C:\Users\cobra\wuxia-warrior\audio\review\itch_pass\candidates\attack_start\ronin_thrust\03_whoosh_short_09.ogg","C:\Users\cobra\wuxia-warrior\audio\review\all_candidates\candidates\attack_start\ronin_thrust\itch_pass__03_whoosh_short_09.ogg","attack_start\ronin_thrust","3E289C37CB33537A6E520BFD7D453E6123BF9D71E5FA0408C800CC9F9A15DF8A"
"itch_pass","C:\Users\cobra\wuxia-warrior\audio\review\itch_pass\candidates\attack_start\spearman_heavy\01_whoosh_long_02.ogg","C:\Users\cobra\wuxia-warrior\audio\review\all_candidates\candidates\attack_start\spearman_heavy\itch_pass__01_whoosh_long_02.ogg","attack_start\spearman_heavy","193EE564BDD796863840D68A58B24B2F705E7BCE4AD04DB5123BED475F0C2A25"
"itch_pass","C:\Users\cobra\wuxia-warrior\audio\review\itch_pass\candidates\attack_start\spearman_heavy\02_whoosh_medium_09.ogg","C:\Users\cobra\wuxia-warrior\audio\review\all_candidates\candidates\attack_start\spearman_heavy\itch_pass__02_whoosh_medium_09.ogg","attack_start\spearman_heavy","DD548EB2634712CC0E18A103858D934DFD631F7D23B4AE9564D75816A7141A07"
"itch_pass","C:\Users\cobra\wuxia-warrior\audio\review\itch_pass\candidates\attack_start\spearman_heavy\03_sword_whoosh_06.wav","C:\Users\cobra\wuxia-warrior\audio\review\all_candidates\candidates\attack_start\spearman_heavy\itch_pass__03_sword_whoosh_06.wav","attack_start\spearman_heavy","81F3513727D186C7A0C660449DC94461EF1EC93714CF295AC66485F40341D096"
"itch_pass","C:\Users\cobra\wuxia-warrior\audio\review\itch_pass\candidates\attack_start\spearman_quick\01_whoosh_shortest_03.ogg","C:\Users\cobra\wuxia-warrior\audio\review\all_candidates\candidates\attack_start\spearman_quick\itch_pass__01_whoosh_shortest_03.ogg","attack_start\spearman_quick","E9EBDB4D758FF3BF453F144D6FB8433FC80772C6777B44FEBCF9FC2E95733D29"
"itch_pass","C:\Users\cobra\wuxia-warrior\audio\review\itch_pass\candidates\attack_start\spearman_quick\02_whoosh_shortest_06.ogg","C:\Users\cobra\wuxia-warrior\audio\review\all_candidates\candidates\attack_start\spearman_quick\itch_pass__02_whoosh_shortest_06.ogg","attack_start\spearman_quick","EBAF911F19E33B7EFF76298E2DF78EDCEB2CC1D85C8AECAB3C19BE0B94A28BE8"
"itch_pass","C:\Users\cobra\wuxia-warrior\audio\review\itch_pass\candidates\attack_start\spearman_quick\03_sword_whoosh_07.wav","C:\Users\cobra\wuxia-warrior\audio\review\all_candidates\candidates\attack_start\spearman_quick\itch_pass__03_sword_whoosh_07.wav","attack_start\spearman_quick","6544973ED7A4B3AC1FD51132308C2493585F1E3F9E4F611417A0B43F880D5210"
"itch_pass","C:\Users\cobra\wuxia-warrior\audio\review\itch_pass\candidates\attack_start\spearman_thrust\01_whoosh_short_04.ogg","C:\Users\cobra\wuxia-warrior\audio\review\all_candidates\candidates\attack_start\spearman_thrust\itch_pass__01_whoosh_short_04.ogg","attack_start\spearman_thrust","FB9BA2B1E54E31665B179369AF10E1ABD9E91E4ECC34F436D9FE0D7B29F2A80F"
"itch_pass","C:\Users\cobra\wuxia-warrior\audio\review\itch_pass\candidates\attack_start\spearman_thrust\02_hove_stab_whoosh_17.wav","C:\Users\cobra\wuxia-warrior\audio\review\all_candidates\candidates\attack_start\spearman_thrust\itch_pass__02_hove_stab_whoosh_17.wav","attack_start\spearman_thrust","6A851BCE4558AF7E36D5A5E588060778FB880C3B5E438A4BEF15CC5BDF2CC6EC"
"round2","C:\Users\cobra\wuxia-warrior\audio\review\round2\candidates\defense\block\01_ccby_sword_impact_03.wav","C:\Users\cobra\wuxia-warrior\audio\review\all_candidates\candidates\defense\block\round2__01_ccby_sword_impact_03.wav","defense\block","2B781C5FC0B459A37CE693F714F30FD66D3CF95305CE260499CC6AC8D89B19C0"
"round2","C:\Users\cobra\wuxia-warrior\audio\review\round2\candidates\defense\block\02_ccby_sword_impact_06.wav","C:\Users\cobra\wuxia-warrior\audio\review\all_candidates\candidates\defense\block\round2__02_ccby_sword_impact_06.wav","defense\block","DC80E6764B927DE9D86B81E4D3EDB47BBAD0CA85C44995EF593BCDD9CD6FF97E"
"round2","C:\Users\cobra\wuxia-warrior\audio\review\round2\candidates\defense\block\03_ccby_clink.wav","C:\Users\cobra\wuxia-warrior\audio\review\all_candidates\candidates\defense\block\round2__03_ccby_clink.wav","defense\block","F3CCA89EA10EC3A2C90A2CFB022F3C422BF381005360426F6ED880083404871E"
"round2","C:\Users\cobra\wuxia-warrior\audio\review\round2\candidates\defense\block\04_perm_base_metal_03.wav","C:\Users\cobra\wuxia-warrior\audio\review\all_candidates\candidates\defense\block\round2__04_perm_base_metal_03.wav","defense\block","CDD5B54BE912D7E60A99486BF79F202C1C3F4A4048146E16947BDD89027CB1CD"
"round2","C:\Users\cobra\wuxia-warrior\audio\review\round2\candidates\defense\block\05_perm_base_metal_06.wav","C:\Users\cobra\wuxia-warrior\audio\review\all_candidates\candidates\defense\block\round2__05_perm_base_metal_06.wav","defense\block","F64551F82C6BC46D0428F488476BE9E965CD206C2760B572447A2C7373864F52"
"round2","C:\Users\cobra\wuxia-warrior\audio\review\round2\candidates\defense\clash\01_ccby_swords_colliding_3.wav","C:\Users\cobra\wuxia-warrior\audio\review\all_candidates\candidates\defense\clash\round2__01_ccby_swords_colliding_3.wav","defense\clash","F9DC61F5D797866F2EA643CFA22457E32C37240DF3D3490D538558ADA2CA35F3"
"round2","C:\Users\cobra\wuxia-warrior\audio\review\round2\candidates\defense\clash\02_ccby_swords_colliding_4.wav","C:\Users\cobra\wuxia-warrior\audio\review\all_candidates\candidates\defense\clash\round2__02_ccby_swords_colliding_4.wav","defense\clash","14435956F232F4F27036B0C67CD1756E4F3C78929B8DAD8BEA55F141757EFD69"
"round2","C:\Users\cobra\wuxia-warrior\audio\review\round2\candidates\defense\clash\03_perm_metal_combo_03.wav","C:\Users\cobra\wuxia-warrior\audio\review\all_candidates\candidates\defense\clash\round2__03_perm_metal_combo_03.wav","defense\clash","B7C547BCC1770888AF396E0AF3DF0E68A3A6663D7FC0F33406DA60BB6255FD3E"
"round2","C:\Users\cobra\wuxia-warrior\audio\review\round2\candidates\defense\clash\04_perm_metal_combo_06.wav","C:\Users\cobra\wuxia-warrior\audio\review\all_candidates\candidates\defense\clash\round2__04_perm_metal_combo_06.wav","defense\clash","55C51A44E404ACE23DBA300F9EF0197484ADD04D30C8660E97E3AAC3FC7D013A"
"round2","C:\Users\cobra\wuxia-warrior\audio\review\round2\candidates\defense\parry\02_ccby_tink_tink_tink.wav","C:\Users\cobra\wuxia-warrior\audio\review\all_candidates\candidates\defense\parry\round2__02_ccby_tink_tink_tink.wav","defense\parry","55168537761B8B6A6D75E21982B48242EAEBBF3D2D3398A0441AAA32638092E4"
"round2","C:\Users\cobra\wuxia-warrior\audio\review\round2\candidates\defense\parry\03_ccby_sword_impact_07.wav","C:\Users\cobra\wuxia-warrior\audio\review\all_candidates\candidates\defense\parry\round2__03_ccby_sword_impact_07.wav","defense\parry","4485CC27A054D9FB5A864C102EDFFD62E526711788BAC3E9AB3FC3A629DAA14E"
"round2","C:\Users\cobra\wuxia-warrior\audio\review\round2\candidates\hit\heavy\01_ccby_sword_hit_18.wav","C:\Users\cobra\wuxia-warrior\audio\review\all_candidates\candidates\hit\heavy\round2__01_ccby_sword_hit_18.wav","hit\heavy","CA569A035D877EAE86CA58404FD4DEA3DAD7EAE693EF205D31D571F67E7EBC55"
"round2","C:\Users\cobra\wuxia-warrior\audio\review\round2\candidates\hit\heavy\02_ccby_sword_hit_21.wav","C:\Users\cobra\wuxia-warrior\audio\review\all_candidates\candidates\hit\heavy\round2__02_ccby_sword_hit_21.wav","hit\heavy","44D57AE5F1050E3FD149B728C3116174973C7435E63DF145F5B4C63A2CC06B1C"
"round2","C:\Users\cobra\wuxia-warrior\audio\review\round2\candidates\hit\heavy\03_ccby_donk.wav","C:\Users\cobra\wuxia-warrior\audio\review\all_candidates\candidates\hit\heavy\round2__03_ccby_donk.wav","hit\heavy","C00727995D1D52BA7ADABD75FBF906B230AD01800808DD6BD8049AF780151F2D"
"round2","C:\Users\cobra\wuxia-warrior\audio\review\round2\candidates\hit\light\01_ccby_sword_hit_03.wav","C:\Users\cobra\wuxia-warrior\audio\review\all_candidates\candidates\hit\light\round2__01_ccby_sword_hit_03.wav","hit\light","D11E14758F1685269A0C482FE6F4B45C600ED4D53094B32A18BFFC9F4C32292B"
"round2","C:\Users\cobra\wuxia-warrior\audio\review\round2\candidates\hit\light\02_ccby_sword_hit_08.wav","C:\Users\cobra\wuxia-warrior\audio\review\all_candidates\candidates\hit\light\round2__02_ccby_sword_hit_08.wav","hit\light","D80FB9C3F6736A66BBF7CABF2CC3831ACBF0DAE0BB8EFD271C691BC050409FD8"
"round2","C:\Users\cobra\wuxia-warrior\audio\review\round2\candidates\hit\light\03_ccby_hitting_iron_high_pitch.wav","C:\Users\cobra\wuxia-warrior\audio\review\all_candidates\candidates\hit\light\round2__03_ccby_hitting_iron_high_pitch.wav","hit\light","91A76A12577D84E3BD7CB91B8A0DBD5538175EA4576DE292F0C65653536242E5"
"round2","C:\Users\cobra\wuxia-warrior\audio\review\round2\candidates\hit\thrust\01_ccby_sword_hit_05.wav","C:\Users\cobra\wuxia-warrior\audio\review\all_candidates\candidates\hit\thrust\round2__01_ccby_sword_hit_05.wav","hit\thrust","0D0F736638E70A2FC38BBD3CAB6B74F117891DF5C249838EF2872422942CEE1C"
"round2","C:\Users\cobra\wuxia-warrior\audio\review\round2\candidates\hit\thrust\02_ccby_sword_hit_11.wav","C:\Users\cobra\wuxia-warrior\audio\review\all_candidates\candidates\hit\thrust\round2__02_ccby_sword_hit_11.wav","hit\thrust","37EE7C16C391D7B1F1D2AA07056CD65898833C31F8CEA44A3DD0399B271FB6E2"
"round2","C:\Users\cobra\wuxia-warrior\audio\review\round2\candidates\hit\thrust\03_ccby_dull_knife_1.wav","C:\Users\cobra\wuxia-warrior\audio\review\all_candidates\candidates\hit\thrust\round2__03_ccby_dull_knife_1.wav","hit\thrust","CE4AD422D230AD68BB95863CE39EE2EF1388B69003AD86CB4B4B42B8B800F20A"
"round2","C:\Users\cobra\wuxia-warrior\audio\review\round2\candidates\hit\thrust\04_perm_sword_stab_01.wav","C:\Users\cobra\wuxia-warrior\audio\review\all_candidates\candidates\hit\thrust\round2__04_perm_sword_stab_01.wav","hit\thrust","6EA216950C08D609D02914DE3849E314F1D9BDDE5275139C5D9597AB0CCD1C42"
"round2","C:\Users\cobra\wuxia-warrior\audio\review\round2\candidates\movement\footstep\02_cc0_fantozzi_stone_r2.ogg","C:\Users\cobra\wuxia-warrior\audio\review\all_candidates\candidates\movement\footstep\round2__02_cc0_fantozzi_stone_r2.ogg","movement\footstep","075C27AFBF29B7771CB01A7BF51530B835E82C56698CA5551318FA0C6B7ADB9F"
"round2","C:\Users\cobra\wuxia-warrior\audio\review\round2\candidates\movement\footstep\04_cc0_footstep_concrete_003.ogg","C:\Users\cobra\wuxia-warrior\audio\review\all_candidates\candidates\movement\footstep\round2__04_cc0_footstep_concrete_003.ogg","movement\footstep","8B513C2F0316324060B9174B8F28DF6C2147418C506E6A53B77F18E149A5547B"
"round2","C:\Users\cobra\wuxia-warrior\audio\review\round2\candidates\movement\sidestep\02_ccby_whoosh_shortest_04.ogg","C:\Users\cobra\wuxia-warrior\audio\review\all_candidates\candidates\movement\sidestep\round2__02_ccby_whoosh_shortest_04.ogg","movement\sidestep","73D956BF72AE001338EF5870CAB128E5879F93C6F57C9829242B2AD40EEC6937"
"round2","C:\Users\cobra\wuxia-warrior\audio\review\round2\candidates\system\ring_out\01_perm_ring_fx_01.wav","C:\Users\cobra\wuxia-warrior\audio\review\all_candidates\candidates\system\ring_out\round2__01_perm_ring_fx_01.wav","system\ring_out","A9F6B2950D65746C1DE54C3C03CBBF0A56ECABF53D74A44C85A4BC3FE2F8F0A2"
"round2","C:\Users\cobra\wuxia-warrior\audio\review\round2\candidates\system\ring_out\02_perm_ring_fx_11.wav","C:\Users\cobra\wuxia-warrior\audio\review\all_candidates\candidates\system\ring_out\round2__02_perm_ring_fx_11.wav","system\ring_out","7F6BEC3D32E5CBBC06CAD13F7A6F1EF5EEFC7B0A3B8A8D425A9D8A7A94267FF2"
"round2","C:\Users\cobra\wuxia-warrior\audio\review\round2\candidates\system\ring_out\03_perm_ring_fx_17.wav","C:\Users\cobra\wuxia-warrior\audio\review\all_candidates\candidates\system\ring_out\round2__03_perm_ring_fx_17.wav","system\ring_out","8FE7C39420CD7177CAE0BCCF44557B0417D6977C5223E0492C39B4742FD0D423"
"round2","C:\Users\cobra\wuxia-warrior\audio\review\round2\candidates\system\ring_out\04_ccby_confirm_ring_d.ogg","C:\Users\cobra\wuxia-warrior\audio\review\all_candidates\candidates\system\ring_out\round2__04_ccby_confirm_ring_d.ogg","system\ring_out","C0BDB7463BEF8A2EA58C5BCFF117093D2D0E1477F3560C46D5B6919F8CE3460A"
"round2","C:\Users\cobra\wuxia-warrior\audio\review\round2\candidates\ui\menu_back\01_ccby_cancel_crunch_a.ogg","C:\Users\cobra\wuxia-warrior\audio\review\all_candidates\candidates\ui\menu_back\round2__01_ccby_cancel_crunch_a.ogg","ui\menu_back","F13E1DCC02A24C739C2495FBE688001E7611F2B2C34A905BFD781250DDF9FFD9"
"round2","C:\Users\cobra\wuxia-warrior\audio\review\round2\candidates\ui\menu_back\02_ccby_cancel_knock_a.ogg","C:\Users\cobra\wuxia-warrior\audio\review\all_candidates\candidates\ui\menu_back\round2__02_ccby_cancel_knock_a.ogg","ui\menu_back","2438F6E87B4460220145A0F95E3C621A7840225536E3D456865EA527DBAA65A1"
"round2","C:\Users\cobra\wuxia-warrior\audio\review\round2\candidates\ui\menu_back\03_ccby_cancel_machine.ogg","C:\Users\cobra\wuxia-warrior\audio\review\all_candidates\candidates\ui\menu_back\round2__03_ccby_cancel_machine.ogg","ui\menu_back","965FE279ADF3FC6D42D739C07A3BE3E34791B8A10AF8CADC9BE22AF9CB4ADBAB"
"round2","C:\Users\cobra\wuxia-warrior\audio\review\round2\candidates\ui\menu_confirm\01_ccby_confirm_token_a.ogg","C:\Users\cobra\wuxia-warrior\audio\review\all_candidates\candidates\ui\menu_confirm\round2__01_ccby_confirm_token_a.ogg","ui\menu_confirm","15973650636EE639B9B812326E8FDB6E10494EA6030EFFFC380F381E6ABC7C47"
"round2","C:\Users\cobra\wuxia-warrior\audio\review\round2\candidates\ui\menu_confirm\02_ccby_confirm_popchip_a.ogg","C:\Users\cobra\wuxia-warrior\audio\review\all_candidates\candidates\ui\menu_confirm\round2__02_ccby_confirm_popchip_a.ogg","ui\menu_confirm","9291F77194356A6214FC6EF0B1CD748D8E6D9E1B80F3EE99EA0E5FFC8806A793"
"round2","C:\Users\cobra\wuxia-warrior\audio\review\round2\candidates\ui\menu_confirm\03_ccby_confirm_ring_a.ogg","C:\Users\cobra\wuxia-warrior\audio\review\all_candidates\candidates\ui\menu_confirm\round2__03_ccby_confirm_ring_a.ogg","ui\menu_confirm","F7262BA31E67B9E686D048708DECE6003AE60199AF60F610A0C3DE8CD61F79D4"
"round2","C:\Users\cobra\wuxia-warrior\audio\review\round2\candidates\ui\round_start\01_ccby_confirm_alleyoop_a.ogg","C:\Users\cobra\wuxia-warrior\audio\review\all_candidates\candidates\ui\round_start\round2__01_ccby_confirm_alleyoop_a.ogg","ui\round_start","1B2CF986E08185A5535DA00ACC0F40210DF41BC4EA729014FF4C47B171C78B4F"
"round2","C:\Users\cobra\wuxia-warrior\audio\review\round2\candidates\ui\round_start\02_ccby_confirm_boomsparkle_a.ogg","C:\Users\cobra\wuxia-warrior\audio\review\all_candidates\candidates\ui\round_start\round2__02_ccby_confirm_boomsparkle_a.ogg","ui\round_start","58D5201F19192DAEC169CAA4F08963B57F8F5B054FC32B270457B24ED62CF850"
"round2","C:\Users\cobra\wuxia-warrior\audio\review\round2\candidates\ui\round_start\03_ccby_whoosh_scanner_a.ogg","C:\Users\cobra\wuxia-warrior\audio\review\all_candidates\candidates\ui\round_start\round2__03_ccby_whoosh_scanner_a.ogg","ui\round_start","F826F92AA03F29D0EC63C2E0AA8B9A7DC151F342486923D6DD16813B0986B909"
"round2","C:\Users\cobra\wuxia-warrior\audio\review\round2\candidates\ui\round_win_ko\01_ccby_confirm_levelup_a.ogg","C:\Users\cobra\wuxia-warrior\audio\review\all_candidates\candidates\ui\round_win_ko\round2__01_ccby_confirm_levelup_a.ogg","ui\round_win_ko","B62D670D4D318F0A43D1EB01A757D82E73A85892F2E2BABC7B7C40C5F1340391"
"round2","C:\Users\cobra\wuxia-warrior\audio\review\round2\candidates\ui\round_win_ko\02_ccby_confirm_ring_c.ogg","C:\Users\cobra\wuxia-warrior\audio\review\all_candidates\candidates\ui\round_win_ko\round2__02_ccby_confirm_ring_c.ogg","ui\round_win_ko","9099218D485F747B46C9609B67CF7222FCBEE5E072886C1C61DAA2C9C1BC68DE"
"round2","C:\Users\cobra\wuxia-warrior\audio\review\round2\candidates\ui\round_win_ko\03_ccby_confirm_boomsparkle_c.ogg","C:\Users\cobra\wuxia-warrior\audio\review\all_candidates\candidates\ui\round_win_ko\round2__03_ccby_confirm_boomsparkle_c.ogg","ui\round_win_ko","49FD69CAA2C480F5F0011EC8F54301A2682EEC31F1A1316FB6D59F419ADEDDC7"
"round3","C:\Users\cobra\wuxia-warrior\audio\review\round3\candidates\defense\block\05_cc0_spear_sabre_haft_on_hilt.wav","C:\Users\cobra\wuxia-warrior\audio\review\all_candidates\candidates\defense\block\round3__05_cc0_spear_sabre_haft_on_hilt.wav","defense\block","63826F381941FBD8D85E423E8E9DDFF0E851A3A2F54CC090E96E5B127FE2CC37"
"round3","C:\Users\cobra\wuxia-warrior\audio\review\round3\candidates\defense\block\06_cc0_spear_katana_haft_on_blade.wav","C:\Users\cobra\wuxia-warrior\audio\review\all_candidates\candidates\defense\block\round3__06_cc0_spear_katana_haft_on_blade.wav","defense\block","D5CC8179629B1263E3F9B060CAF5BC9205CFB7398EAF20FCB02294E07B1FDA9B"
"round3","C:\Users\cobra\wuxia-warrior\audio\review\round3\candidates\defense\block\07_cc0_metal_hit_02.ogg","C:\Users\cobra\wuxia-warrior\audio\review\all_candidates\candidates\defense\block\round3__07_cc0_metal_hit_02.ogg","defense\block","9074C0828727BD00834CABCAAF5B8CBFF2CFAD7B45676B95D86C0919E444F8B1"
"round3","C:\Users\cobra\wuxia-warrior\audio\review\round3\candidates\defense\clash\06_cc0_spear_sabre_blade_on_blade.wav","C:\Users\cobra\wuxia-warrior\audio\review\all_candidates\candidates\defense\clash\round3__06_cc0_spear_sabre_blade_on_blade.wav","defense\clash","C971FBE6E7F31BDF6609FF21690E9F33BEC70AD47529A46B3A86D9D29E462612"
"round3","C:\Users\cobra\wuxia-warrior\audio\review\round3\candidates\defense\parry\05_cc0_sabre_katana_hilt_on_blade.wav","C:\Users\cobra\wuxia-warrior\audio\review\all_candidates\candidates\defense\parry\round3__05_cc0_sabre_katana_hilt_on_blade.wav","defense\parry","9649862F1B3AE46A4F9E9DB3343CE7195FF4EC56F7685A6BB5188FF6C200B742"
"round3","C:\Users\cobra\wuxia-warrior\audio\review\round3\candidates\defense\parry\06_cc0_metal_hit_01.ogg","C:\Users\cobra\wuxia-warrior\audio\review\all_candidates\candidates\defense\parry\round3__06_cc0_metal_hit_01.ogg","defense\parry","F5FD185FCE454947C1D91CE6757E219C4D7C6C139D4AA9D419CD7A79C7F6DF3B"
"round3","C:\Users\cobra\wuxia-warrior\audio\review\round3\candidates\hit\heavy\03_ccby_sword_impact_08.wav","C:\Users\cobra\wuxia-warrior\audio\review\all_candidates\candidates\hit\heavy\round3__03_ccby_sword_impact_08.wav","hit\heavy","3227F59296A88FDE5DA21E9226A552A52CF3C202CF09E9A8361C46CC5CEA3116"
"round3","C:\Users\cobra\wuxia-warrior\audio\review\round3\candidates\hit\heavy\05_cc0_metal_hit_04.ogg","C:\Users\cobra\wuxia-warrior\audio\review\all_candidates\candidates\hit\heavy\round3__05_cc0_metal_hit_04.ogg","hit\heavy","DFC5EBC2CAFCF2670F3937882C5040ABE5C8855885C886023592D9A0779DDE48"
"round3","C:\Users\cobra\wuxia-warrior\audio\review\round3\candidates\hit\light\05_cc0_metal_hit_03.ogg","C:\Users\cobra\wuxia-warrior\audio\review\all_candidates\candidates\hit\light\round3__05_cc0_metal_hit_03.ogg","hit\light","9DAF6E7E1FC1871ACFB063CB25CE050FAAB559EE6C42FED84BF18A4067F26A4D"
"round3","C:\Users\cobra\wuxia-warrior\audio\review\round3\candidates\hit\thrust\02_perm_sword_stab_11.wav","C:\Users\cobra\wuxia-warrior\audio\review\all_candidates\candidates\hit\thrust\round3__02_perm_sword_stab_11.wav","hit\thrust","09C0269ACC70499F4866EB08201A009DA805D8DBC8D65D0B7790B3D01D7BD59B"
"round3","C:\Users\cobra\wuxia-warrior\audio\review\round3\candidates\movement\footstep\01_cc0_metal_steps_03.wav","C:\Users\cobra\wuxia-warrior\audio\review\all_candidates\candidates\movement\footstep\round3__01_cc0_metal_steps_03.wav","movement\footstep","B3ACC922DE124E47E9AF039B01AF4152C5950D9845B120DEABADDAB767629114"
"round3","C:\Users\cobra\wuxia-warrior\audio\review\round3\candidates\movement\footstep\02_cc0_metal_steps_08.wav","C:\Users\cobra\wuxia-warrior\audio\review\all_candidates\candidates\movement\footstep\round3__02_cc0_metal_steps_08.wav","movement\footstep","8F1C942A25A4C52E116175A022EDFC1884871445EDD2E302698B92B63DA22A63"
"round3","C:\Users\cobra\wuxia-warrior\audio\review\round3\candidates\movement\footstep\03_cc0_metal_steps_12.wav","C:\Users\cobra\wuxia-warrior\audio\review\all_candidates\candidates\movement\footstep\round3__03_cc0_metal_steps_12.wav","movement\footstep","CFBCEC15123CEE332BFA26670DFED1B88EF132D2130AACBF5D2B485DB5505A37"
"round3","C:\Users\cobra\wuxia-warrior\audio\review\round3\candidates\movement\footstep\05_cc0_fantozzi_stone_l3.ogg","C:\Users\cobra\wuxia-warrior\audio\review\all_candidates\candidates\movement\footstep\round3__05_cc0_fantozzi_stone_l3.ogg","movement\footstep","6E008BBA3C24C6ADC20151126768EBA8C9259EC9F40B7C0B8399D60A9CA67812"
"round4","C:\Users\cobra\wuxia-warrior\audio\review\round4\candidates\hit\contact\04_cc0_impact_block_02.ogg","C:\Users\cobra\wuxia-warrior\audio\review\all_candidates\candidates\hit\contact\round4__04_cc0_impact_block_02.ogg","hit\contact","694CA0394D9C4CE49B96738F429BF6EC209610FD1163EDE0E8EBF3FADA41931E"
"round4","C:\Users\cobra\wuxia-warrior\audio\review\round4\candidates\hit\contact\05_cc0_impact_block_05.ogg","C:\Users\cobra\wuxia-warrior\audio\review\all_candidates\candidates\hit\contact\round4__05_cc0_impact_block_05.ogg","hit\contact","BAC64AB205FE6700D579BA3DBE6424826CB92E580CF655B50DA516AFD8F1A040"
"round4","C:\Users\cobra\wuxia-warrior\audio\review\round4\candidates\hit\contact\06_cc0_impact_block_08.ogg","C:\Users\cobra\wuxia-warrior\audio\review\all_candidates\candidates\hit\contact\round4__06_cc0_impact_block_08.ogg","hit\contact","EA0351509F3ECB6A1E01E508DE5706B37B5CADCB1B285C4656A4CF6BBF4E2784"
"round4","C:\Users\cobra\wuxia-warrior\audio\review\round4\candidates\hit\stab\03_perm_hove_stab_17.wav","C:\Users\cobra\wuxia-warrior\audio\review\all_candidates\candidates\hit\stab\round4__03_perm_hove_stab_17.wav","hit\stab","07B8278327795F8D4ACB7D807012A84118CFF379E20EC23C759201DFFFAAA33A"
"round4","C:\Users\cobra\wuxia-warrior\audio\review\round4\candidates\hit\stab\04_perm_hove_stab_combo_11.wav","C:\Users\cobra\wuxia-warrior\audio\review\all_candidates\candidates\hit\stab\round4__04_perm_hove_stab_combo_11.wav","hit\stab","323F1FBE32BFDBF9307E309CCCC9D6D1CF0111661FE925FB9F9C74FCA3BD9549"
"round4","C:\Users\cobra\wuxia-warrior\audio\review\round4\candidates\hit\stab\05_perm_hove_gore_stab_11.wav","C:\Users\cobra\wuxia-warrior\audio\review\all_candidates\candidates\hit\stab\round4__05_perm_hove_gore_stab_11.wav","hit\stab","A321F61A0839B8160DEB3AFD25EACB2AED54765E0A5FFEA9647233FB3452BC0F"
"round5","C:\Users\cobra\wuxia-warrior\audio\review\round5\candidates\defense\block\01_perm_minifantasy_iron_shield_1.wav","C:\Users\cobra\wuxia-warrior\audio\review\all_candidates\candidates\defense\block\round5__01_perm_minifantasy_iron_shield_1.wav","defense\block","EDC5CE516E89A2CD9D9EEF4C9A9EE435EC6311A4C4C30180A67E7326D1CBE6EA"
"round5","C:\Users\cobra\wuxia-warrior\audio\review\round5\candidates\defense\block\02_perm_minifantasy_iron_shield_2.wav","C:\Users\cobra\wuxia-warrior\audio\review\all_candidates\candidates\defense\block\round5__02_perm_minifantasy_iron_shield_2.wav","defense\block","E7183161755C1D0DF8FF2419080B9DD612813F7AB4B154234A59D6966B07778D"
"round5","C:\Users\cobra\wuxia-warrior\audio\review\round5\candidates\defense\block\03_perm_rpg90_block_01.wav","C:\Users\cobra\wuxia-warrior\audio\review\all_candidates\candidates\defense\block\round5__03_perm_rpg90_block_01.wav","defense\block","A7CFF80CD495001B059AA8D4EF8FD3DAC9ED61216AA266A35F46C0EF07DEDB62"
"round5","C:\Users\cobra\wuxia-warrior\audio\review\round5\candidates\defense\block\04_perm_rpg90_block_02.wav","C:\Users\cobra\wuxia-warrior\audio\review\all_candidates\candidates\defense\block\round5__04_perm_rpg90_block_02.wav","defense\block","6912E02CCCF8D03D62883858BF07A8836BE7CB78C9E6821E06D00088FA6191E1"
"round5","C:\Users\cobra\wuxia-warrior\audio\review\round5\candidates\defense\block\05_perm_rpg90_block_03.wav","C:\Users\cobra\wuxia-warrior\audio\review\all_candidates\candidates\defense\block\round5__05_perm_rpg90_block_03.wav","defense\block","4763DA64E8420A3EC66391B2CA7E9D5AC25BE2B483422397E2B5814641A5C8C9"
"round5","C:\Users\cobra\wuxia-warrior\audio\review\round5\candidates\defense\clash\01_perm_minifantasy_hit_metal_on_metal.wav","C:\Users\cobra\wuxia-warrior\audio\review\all_candidates\candidates\defense\clash\round5__01_perm_minifantasy_hit_metal_on_metal.wav","defense\clash","A71EA63D76D7907FAFBA39608932433CF856778C0170A3156953AEBE5ECFFC24"
"round5","C:\Users\cobra\wuxia-warrior\audio\review\round5\candidates\defense\clash\02_perm_rpg90_impact_01.wav","C:\Users\cobra\wuxia-warrior\audio\review\all_candidates\candidates\defense\clash\round5__02_perm_rpg90_impact_01.wav","defense\clash","6D9DE7B65217B55DD22CA9E17D75CCFDC9A9944CB1E7583971C7C08092E2575A"
"round5","C:\Users\cobra\wuxia-warrior\audio\review\round5\candidates\defense\clash\03_perm_rpg90_impact_02.wav","C:\Users\cobra\wuxia-warrior\audio\review\all_candidates\candidates\defense\clash\round5__03_perm_rpg90_impact_02.wav","defense\clash","F7EC997056C83158145CBF884C3FF2A5FA0CF89CC82161395D0FD8BAC9E18741"
"round5","C:\Users\cobra\wuxia-warrior\audio\review\round5\candidates\defense\clash\05_perm_rpg90_block_04.wav","C:\Users\cobra\wuxia-warrior\audio\review\all_candidates\candidates\defense\clash\round5__05_perm_rpg90_block_04.wav","defense\clash","33145F2205B7FA47F22F198A54F8E2D4C50A676C10601CA557102175006DD20A"
"round5","C:\Users\cobra\wuxia-warrior\audio\review\round5\candidates\hit\contact\01_perm_minifantasy_metal_on_flesh.wav","C:\Users\cobra\wuxia-warrior\audio\review\all_candidates\candidates\hit\contact\round5__01_perm_minifantasy_metal_on_flesh.wav","hit\contact","442712B7B91F9112BE59D98490C8FC67EBDFF48C6791AC05FAB12238F54B881A"
"round5","C:\Users\cobra\wuxia-warrior\audio\review\round5\candidates\hit\contact\02_perm_minifantasy_metal_on_leather.wav","C:\Users\cobra\wuxia-warrior\audio\review\all_candidates\candidates\hit\contact\round5__02_perm_minifantasy_metal_on_leather.wav","hit\contact","31728A18A5E50C27B881D30EB813BCFE352D45426AD86FEECA03EAC81C68AB7E"
"round5","C:\Users\cobra\wuxia-warrior\audio\review\round5\candidates\hit\contact\03_perm_minifantasy_metal_on_stone.wav","C:\Users\cobra\wuxia-warrior\audio\review\all_candidates\candidates\hit\contact\round5__03_perm_minifantasy_metal_on_stone.wav","hit\contact","3FDD2BE7747786A3D7F0A46E19C56A70AD19BA8D2F61DD36349D65057E527FD2"
"round5","C:\Users\cobra\wuxia-warrior\audio\review\round5\candidates\hit\contact\04_perm_minifantasy_metal_on_wood_heavy.wav","C:\Users\cobra\wuxia-warrior\audio\review\all_candidates\candidates\hit\contact\round5__04_perm_minifantasy_metal_on_wood_heavy.wav","hit\contact","0BC57925E04FAFAF723AFAC0F3B84AA0D96FA81F394516A0177B17DDC65B4C2B"
"round5","C:\Users\cobra\wuxia-warrior\audio\review\round5\candidates\hit\contact\05_perm_rpg90_impact_flesh_01.wav","C:\Users\cobra\wuxia-warrior\audio\review\all_candidates\candidates\hit\contact\round5__05_perm_rpg90_impact_flesh_01.wav","hit\contact","7B3826F82D2453C38AEBC357F42F1DB9FBF498A0348FEEFAF35DDBFD1CA64E14"
"round5","C:\Users\cobra\wuxia-warrior\audio\review\round5\candidates\hit\contact\06_perm_rpg90_impact_flesh_02.wav","C:\Users\cobra\wuxia-warrior\audio\review\all_candidates\candidates\hit\contact\round5__06_perm_rpg90_impact_flesh_02.wav","hit\contact","F4A092DBB8F9A9CE71C7B2AED4E44A0C243590C4A71CF0B435A17ABE5AA5A6B3"
"round5","C:\Users\cobra\wuxia-warrior\audio\review\round5\candidates\hit\contact\07_perm_rpg90_impact_flesh_04.wav","C:\Users\cobra\wuxia-warrior\audio\review\all_candidates\candidates\hit\contact\round5__07_perm_rpg90_impact_flesh_04.wav","hit\contact","A038380550F2FBE96586C735FF2669AD903A55E7EE3812625B544F69558501FF"
"round5","C:\Users\cobra\wuxia-warrior\audio\review\round5\candidates\hit\contact\08_perm_rpg90_impact_flesh_05.wav","C:\Users\cobra\wuxia-warrior\audio\review\all_candidates\candidates\hit\contact\round5__08_perm_rpg90_impact_flesh_05.wav","hit\contact","B789E11CA67B4D99BC2ECEE3A705AF04DBFC1EC8180ECF6AA4480D142E7C3501"
"round5","C:\Users\cobra\wuxia-warrior\audio\review\round5\candidates\hit\stab\01_perm_minifantasy_thrust_1.wav","C:\Users\cobra\wuxia-warrior\audio\review\all_candidates\candidates\hit\stab\round5__01_perm_minifantasy_thrust_1.wav","hit\stab","40AECDD6805162BBF8ADBE4ABAB013BFFC25E2A6315C6F8B34B0A42A7C2098FC"
"round5","C:\Users\cobra\wuxia-warrior\audio\review\round5\candidates\hit\stab\02_perm_minifantasy_thrust_2.wav","C:\Users\cobra\wuxia-warrior\audio\review\all_candidates\candidates\hit\stab\round5__02_perm_minifantasy_thrust_2.wav","hit\stab","564087FD2B6ECDE446DE89CAA04B6C1CD146B402AA0CF20D6428C8F136A3451E"
"round5","C:\Users\cobra\wuxia-warrior\audio\review\round5\candidates\hit\stab\03_perm_rpg90_pierce_01.wav","C:\Users\cobra\wuxia-warrior\audio\review\all_candidates\candidates\hit\stab\round5__03_perm_rpg90_pierce_01.wav","hit\stab","6EA553104E5CDF74A978CFBDCDC4A07A116A53974209F57727C834F4B4A05CB8"
"round5","C:\Users\cobra\wuxia-warrior\audio\review\round5\candidates\hit\stab\04_perm_rpg90_pierce_02.wav","C:\Users\cobra\wuxia-warrior\audio\review\all_candidates\candidates\hit\stab\round5__04_perm_rpg90_pierce_02.wav","hit\stab","F37658C4B584D5DB3CE5AB1C73E2B9F6DDBBDDBC42273DE685B329BC1AB067D3"
"round5","C:\Users\cobra\wuxia-warrior\audio\review\round5\candidates\hit\stab\05_perm_rpg90_pierce_03.wav","C:\Users\cobra\wuxia-warrior\audio\review\all_candidates\candidates\hit\stab\round5__05_perm_rpg90_pierce_03.wav","hit\stab","FEE7D0D2A0DEC8D89C6C84A5854809CC9DB041CEABAE26ECD6A382DE94B310F7"
"round5","C:\Users\cobra\wuxia-warrior\audio\review\round5\candidates\hit\stab\06_perm_rpg90_pierce_04.wav","C:\Users\cobra\wuxia-warrior\audio\review\all_candidates\candidates\hit\stab\round5__06_perm_rpg90_pierce_04.wav","hit\stab","FCD6A63622D1D7D09797FC45B0779F2CF860EF5CB41DDFAA7CCAA93960D3B20F"
"round5","C:\Users\cobra\wuxia-warrior\audio\review\round5\candidates\movement\footstep\01_perm_leohpaz_metal_a.ogg","C:\Users\cobra\wuxia-warrior\audio\review\all_candidates\candidates\movement\footstep\round5__01_perm_leohpaz_metal_a.ogg","movement\footstep","867393E9986D60EBC633A2EC7B4393FE7B772FE71A1A6B88AFE6F4E4519F80A8"
"round5","C:\Users\cobra\wuxia-warrior\audio\review\round5\candidates\movement\footstep\02_perm_leohpaz_metal_b.ogg","C:\Users\cobra\wuxia-warrior\audio\review\all_candidates\candidates\movement\footstep\round5__02_perm_leohpaz_metal_b.ogg","movement\footstep","CC27B08A8E0F81D0DECF7D0F23225B398468B99A884DADD94E60C952A82D75C3"
"round5","C:\Users\cobra\wuxia-warrior\audio\review\round5\candidates\movement\footstep\03_perm_leohpaz_rock_nodebris_a.ogg","C:\Users\cobra\wuxia-warrior\audio\review\all_candidates\candidates\movement\footstep\round5__03_perm_leohpaz_rock_nodebris_a.ogg","movement\footstep","5DA6902A0820D1EE6D13657162EEB36914F5C4286B15A426190044785B7F8C45"
"round5","C:\Users\cobra\wuxia-warrior\audio\review\round5\candidates\movement\footstep\04_perm_leohpaz_rock_nodebris_b.ogg","C:\Users\cobra\wuxia-warrior\audio\review\all_candidates\candidates\movement\footstep\round5__04_perm_leohpaz_rock_nodebris_b.ogg","movement\footstep","B089860AED4B62D7D1372B17F146CC6D20B6A8101B2367CEACE7D9F001C9D31F"
"round5","C:\Users\cobra\wuxia-warrior\audio\review\round5\candidates\movement\footstep\05_perm_leohpaz_simple_generic_a.ogg","C:\Users\cobra\wuxia-warrior\audio\review\all_candidates\candidates\movement\footstep\round5__05_perm_leohpaz_simple_generic_a.ogg","movement\footstep","D7ABC068F7F898FF138D6B80D29EA05DC1A244680BE1FEF9E085E37F92FC4487"
"round5","C:\Users\cobra\wuxia-warrior\audio\review\round5\candidates\movement\footstep\06_perm_leohpaz_simple_generic_b.ogg","C:\Users\cobra\wuxia-warrior\audio\review\all_candidates\candidates\movement\footstep\round5__06_perm_leohpaz_simple_generic_b.ogg","movement\footstep","3BBA96500F76CC2F38AC1775ABE7B411CADC83268A6875074D1FD3E8554999EB"
"round6","C:\Users\cobra\wuxia-warrior\audio\review\round6\candidates\attack_start\knight_heavy\01_samplekingdom_sword_3.wav","C:\Users\cobra\wuxia-warrior\audio\review\all_candidates\candidates\attack_start\knight_heavy\round6__01_samplekingdom_sword_3.wav","attack_start\knight_heavy","B96FCB662CF9C4D0E6386E414BBEE56DBC4D77B97C67172FAF52E0E12A041F57"
"round6","C:\Users\cobra\wuxia-warrior\audio\review\round6\candidates\attack_start\knight_heavy\02_samplekingdom_sword_4.wav","C:\Users\cobra\wuxia-warrior\audio\review\all_candidates\candidates\attack_start\knight_heavy\round6__02_samplekingdom_sword_4.wav","attack_start\knight_heavy","9FA4649877305AEE5828443C56FF8663C8411561D4CDAF7B50ACE14796E9F398"
"round6","C:\Users\cobra\wuxia-warrior\audio\review\round6\candidates\attack_start\knight_heavy\03_perm_minifantasy_slash_heavy_1.wav","C:\Users\cobra\wuxia-warrior\audio\review\all_candidates\candidates\attack_start\knight_heavy\round6__03_perm_minifantasy_slash_heavy_1.wav","attack_start\knight_heavy","6EBB0F48D541C13E2D3ECF4134B718858E6A59B6D8FA5797AB60D1C3A5D7A425"
"round6","C:\Users\cobra\wuxia-warrior\audio\review\round6\candidates\attack_start\knight_heavy\04_perm_minifantasy_slash_heavy_2.wav","C:\Users\cobra\wuxia-warrior\audio\review\all_candidates\candidates\attack_start\knight_heavy\round6__04_perm_minifantasy_slash_heavy_2.wav","attack_start\knight_heavy","2E55943D63F151B86F187BD5D4608D5A939F198208D38DBBD075A45D219E695E"
"round6","C:\Users\cobra\wuxia-warrior\audio\review\round6\candidates\attack_start\knight_heavy\05_unclear_fantasygame_draw_heavy_1.wav","C:\Users\cobra\wuxia-warrior\audio\review\all_candidates\candidates\attack_start\knight_heavy\round6__05_unclear_fantasygame_draw_heavy_1.wav","attack_start\knight_heavy","141D1D107388A9BF915D2F9F58D8B86953DD0424444860F6F1DE56A06E1E1050"
"round6","C:\Users\cobra\wuxia-warrior\audio\review\round6\candidates\attack_start\knight_heavy\06_unclear_fantasygame_draw_heavy_2.wav","C:\Users\cobra\wuxia-warrior\audio\review\all_candidates\candidates\attack_start\knight_heavy\round6__06_unclear_fantasygame_draw_heavy_2.wav","attack_start\knight_heavy","90802C7436B938BD967334F067F1E28ABF0030EAB598FA3FDEB8C47CAAA20801"
"round6","C:\Users\cobra\wuxia-warrior\audio\review\round6\candidates\attack_start\knight_quick\01_samplekingdom_sword_1.wav","C:\Users\cobra\wuxia-warrior\audio\review\all_candidates\candidates\attack_start\knight_quick\round6__01_samplekingdom_sword_1.wav","attack_start\knight_quick","5EEB56F28C75BB776890A934868DABFBC3088E2D465A3FD18D9058D0A33577E5"
"round6","C:\Users\cobra\wuxia-warrior\audio\review\round6\candidates\attack_start\knight_quick\02_samplekingdom_sword_2.wav","C:\Users\cobra\wuxia-warrior\audio\review\all_candidates\candidates\attack_start\knight_quick\round6__02_samplekingdom_sword_2.wav","attack_start\knight_quick","36FD0572821C1D3781A82B962E73C5FC60E7E1FA0302356B5DDE9BF53858AD7B"
"round6","C:\Users\cobra\wuxia-warrior\audio\review\round6\candidates\attack_start\knight_quick\03_perm_minifantasy_slash_light_1.wav","C:\Users\cobra\wuxia-warrior\audio\review\all_candidates\candidates\attack_start\knight_quick\round6__03_perm_minifantasy_slash_light_1.wav","attack_start\knight_quick","04F2A61554ED87AAC13DAB897BAD2A650CCFB22DBF18D3FC09DA057CF52D0CAB"
"round6","C:\Users\cobra\wuxia-warrior\audio\review\round6\candidates\attack_start\knight_quick\04_perm_rpg90_swoosh_sword_1.wav","C:\Users\cobra\wuxia-warrior\audio\review\all_candidates\candidates\attack_start\knight_quick\round6__04_perm_rpg90_swoosh_sword_1.wav","attack_start\knight_quick","8A2BC36991EFEC6A839A1421663029EA990D267E4B1380875ED8BE20BE562EA0"
"round6","C:\Users\cobra\wuxia-warrior\audio\review\round6\candidates\attack_start\knight_quick\05_unclear_fantasygame_blade_draw_1.wav","C:\Users\cobra\wuxia-warrior\audio\review\all_candidates\candidates\attack_start\knight_quick\round6__05_unclear_fantasygame_blade_draw_1.wav","attack_start\knight_quick","C874F9262AB3EE1E2F733C9A0741C97F4405CF9B6C66251AB9AED6CFF632CAB3"
"round6","C:\Users\cobra\wuxia-warrior\audio\review\round6\candidates\attack_start\ronin_heavy\01_perm_rpg90_swoosh_03.wav","C:\Users\cobra\wuxia-warrior\audio\review\all_candidates\candidates\attack_start\ronin_heavy\round6__01_perm_rpg90_swoosh_03.wav","attack_start\ronin_heavy","61DC530B5F7987A966D6121E3E3BE1387E62A8B496CB0F17A653A682F207D9D0"
"round6","C:\Users\cobra\wuxia-warrior\audio\review\round6\candidates\attack_start\ronin_heavy\02_perm_rpg90_swoosh_sword_2.wav","C:\Users\cobra\wuxia-warrior\audio\review\all_candidates\candidates\attack_start\ronin_heavy\round6__02_perm_rpg90_swoosh_sword_2.wav","attack_start\ronin_heavy","0E7B0029263E18018738BFB5615644841A10D10083156513EEFE00E449863D54"
"round6","C:\Users\cobra\wuxia-warrior\audio\review\round6\candidates\attack_start\ronin_heavy\03_perm_minifantasy_slash_sword_1.wav","C:\Users\cobra\wuxia-warrior\audio\review\all_candidates\candidates\attack_start\ronin_heavy\round6__03_perm_minifantasy_slash_sword_1.wav","attack_start\ronin_heavy","D9F33C4E77D4B23AFCA1B0A0626BA7810C2760E67896085EE657EC3AC418F52F"
"round6","C:\Users\cobra\wuxia-warrior\audio\review\round6\candidates\attack_start\ronin_quick\01_perm_rpg90_swoosh_01.wav","C:\Users\cobra\wuxia-warrior\audio\review\all_candidates\candidates\attack_start\ronin_quick\round6__01_perm_rpg90_swoosh_01.wav","attack_start\ronin_quick","F0ABAADC8AB059705B83B31FAC33F0ADB46760D4B646DC4ABA7C73D2947FCF65"
"round6","C:\Users\cobra\wuxia-warrior\audio\review\round6\candidates\attack_start\ronin_quick\02_perm_rpg90_swoosh_02.wav","C:\Users\cobra\wuxia-warrior\audio\review\all_candidates\candidates\attack_start\ronin_quick\round6__02_perm_rpg90_swoosh_02.wav","attack_start\ronin_quick","536BB4790DB8D514D0E1CE0C0E9F73E4301F3DD463AC9367BD7E99137B4E1ADF"
"round6","C:\Users\cobra\wuxia-warrior\audio\review\round6\candidates\attack_start\ronin_quick\03_perm_minifantasy_slash_light_2.wav","C:\Users\cobra\wuxia-warrior\audio\review\all_candidates\candidates\attack_start\ronin_quick\round6__03_perm_minifantasy_slash_light_2.wav","attack_start\ronin_quick","43FBAA8D96A0BAF2D4C05AAC3A322B49B527443C41CF1C3E519A63EAB3B4584D"
"round6","C:\Users\cobra\wuxia-warrior\audio\review\round6\candidates\attack_start\ronin_quick\04_samplekingdom_attack_1.wav","C:\Users\cobra\wuxia-warrior\audio\review\all_candidates\candidates\attack_start\ronin_quick\round6__04_samplekingdom_attack_1.wav","attack_start\ronin_quick","904D5D0D1C3FB318184598FEC69817DC9FDB9151BC66F08AD1B10882D6FE547C"
"round6","C:\Users\cobra\wuxia-warrior\audio\review\round6\candidates\attack_start\ronin_thrust\04_samplekingdom_attack_3.wav","C:\Users\cobra\wuxia-warrior\audio\review\all_candidates\candidates\attack_start\ronin_thrust\round6__04_samplekingdom_attack_3.wav","attack_start\ronin_thrust","DA7673CA7A693C4356308189073C4FE3402C95EB82C694A44F222BD210BA4C64"
"round6","C:\Users\cobra\wuxia-warrior\audio\review\round6\candidates\attack_start\spearman_heavy\01_perm_minifantasy_slash_sword_2.wav","C:\Users\cobra\wuxia-warrior\audio\review\all_candidates\candidates\attack_start\spearman_heavy\round6__01_perm_minifantasy_slash_sword_2.wav","attack_start\spearman_heavy","2C11FC1E6CFF75F4E34359F05B2027E7595A94301FCCC7D7F33C0D3B586DFC77"
"round6","C:\Users\cobra\wuxia-warrior\audio\review\round6\candidates\attack_start\spearman_heavy\02_perm_minifantasy_slash_heavy_3.wav","C:\Users\cobra\wuxia-warrior\audio\review\all_candidates\candidates\attack_start\spearman_heavy\round6__02_perm_minifantasy_slash_heavy_3.wav","attack_start\spearman_heavy","FD6AB8633430EF91CF034278C28D7E94CA31FFC66ABF2C77468A98F4C25C0968"
"round6","C:\Users\cobra\wuxia-warrior\audio\review\round6\candidates\attack_start\spearman_heavy\03_perm_rpg90_swoosh_sword_3.wav","C:\Users\cobra\wuxia-warrior\audio\review\all_candidates\candidates\attack_start\spearman_heavy\round6__03_perm_rpg90_swoosh_sword_3.wav","attack_start\spearman_heavy","93405A04B7B9B80DAAF938FF02302D5D4C2273DF4C4DAC5D28F1728638A01140"
"round6","C:\Users\cobra\wuxia-warrior\audio\review\round6\candidates\attack_start\spearman_quick\02_perm_minifantasy_slash_light_3.wav","C:\Users\cobra\wuxia-warrior\audio\review\all_candidates\candidates\attack_start\spearman_quick\round6__02_perm_minifantasy_slash_light_3.wav","attack_start\spearman_quick","9AA15074F9754183E2783BB5031DE455546FB2DF2A05EF8E6C9F63AD0F56DDA4"
"round6","C:\Users\cobra\wuxia-warrior\audio\review\round6\candidates\attack_start\spearman_quick\03_samplekingdom_attack_2.wav","C:\Users\cobra\wuxia-warrior\audio\review\all_candidates\candidates\attack_start\spearman_quick\round6__03_samplekingdom_attack_2.wav","attack_start\spearman_quick","5F4463E3A437C0583415733C4896514462DC3BBAD1AB2FFAAAAE1084BEAE4EB3"
"round6","C:\Users\cobra\wuxia-warrior\audio\review\round6\candidates\attack_start\spearman_thrust\04_samplekingdom_attack_4.wav","C:\Users\cobra\wuxia-warrior\audio\review\all_candidates\candidates\attack_start\spearman_thrust\round6__04_samplekingdom_attack_4.wav","attack_start\spearman_thrust","473A7AC3DA547D277046431C3BAE6083B0249E651222690E968A53528607D4F1"
"round6","C:\Users\cobra\wuxia-warrior\audio\review\round6\candidates\defense\block\05_unclear_fantasygame_cloth_armor_hit_a.wav","C:\Users\cobra\wuxia-warrior\audio\review\all_candidates\candidates\defense\block\round6__05_unclear_fantasygame_cloth_armor_hit_a.wav","defense\block","0F2E43D01AC24F6D0E5E091E6863907BD4DEFF5D5A52E5C106732921FCD1413E"
"round6","C:\Users\cobra\wuxia-warrior\audio\review\round6\candidates\defense\clash\04_perm_rpg90_impact_03.wav","C:\Users\cobra\wuxia-warrior\audio\review\all_candidates\candidates\defense\clash\round6__04_perm_rpg90_impact_03.wav","defense\clash","B529328B12926A5199EDA80C5E858047515BF4B2E45466B4D7FDF5755B5CB737"
"round6","C:\Users\cobra\wuxia-warrior\audio\review\round6\candidates\defense\clash\05_unclear_fantasygame_weapon_impact_weapon.wav","C:\Users\cobra\wuxia-warrior\audio\review\all_candidates\candidates\defense\clash\round6__05_unclear_fantasygame_weapon_impact_weapon.wav","defense\clash","9C3F8A2011BA75CB1BF6BF54BC873DA42F6D6A62085F6A99B18C781BA6FB8E45"
"round6","C:\Users\cobra\wuxia-warrior\audio\review\round6\candidates\defense\parry\04_perm_trueheroes_barbarian_guard_1.wav","C:\Users\cobra\wuxia-warrior\audio\review\all_candidates\candidates\defense\parry\round6__04_perm_trueheroes_barbarian_guard_1.wav","defense\parry","A84C8A0058035380AF7EB99347C87BED6F9F8E0792336BD28A2BAC2D0BB6A029"
"round6","C:\Users\cobra\wuxia-warrior\audio\review\round6\candidates\defense\parry\05_perm_trueheroes_barbarian_guard_2.wav","C:\Users\cobra\wuxia-warrior\audio\review\all_candidates\candidates\defense\parry\round6__05_perm_trueheroes_barbarian_guard_2.wav","defense\parry","80EE13E61CAD90BF703A90A75434A95FE549D65987F8BD6A953064B2E9D47AB2"
"round6","C:\Users\cobra\wuxia-warrior\audio\review\round6\candidates\hit\heavy\05_unclear_fantasygame_weapon_impact_blood.wav","C:\Users\cobra\wuxia-warrior\audio\review\all_candidates\candidates\hit\heavy\round6__05_unclear_fantasygame_weapon_impact_blood.wav","hit\heavy","AF7FEC4B02D6B431185648376CBBA44ED6BA2DD4D6307815A56EE99D23E4CC7A"
"round6","C:\Users\cobra\wuxia-warrior\audio\review\round6\candidates\hit\light\01_samplekingdom_hit_1.wav","C:\Users\cobra\wuxia-warrior\audio\review\all_candidates\candidates\hit\light\round6__01_samplekingdom_hit_1.wav","hit\light","E78F8209CF14A4017F214B37C33DF8EDE96909707A19BF1F1FC09D0E364B9F5A"
"round6","C:\Users\cobra\wuxia-warrior\audio\review\round6\candidates\hit\light\02_samplekingdom_hit_2.wav","C:\Users\cobra\wuxia-warrior\audio\review\all_candidates\candidates\hit\light\round6__02_samplekingdom_hit_2.wav","hit\light","0C8EB9E4429202B4B4DF8AEEF970B7F83FBA3D65F1DD2ED28417C4FDA8DBF698"
"round6","C:\Users\cobra\wuxia-warrior\audio\review\round6\candidates\hit\light\03_perm_movement90_hit_01.wav","C:\Users\cobra\wuxia-warrior\audio\review\all_candidates\candidates\hit\light\round6__03_perm_movement90_hit_01.wav","hit\light","CDEB67A91E2B0E9B1CCCA605F5E115FFE672E1B942D3C54184C8A78806B536B8"
"round6","C:\Users\cobra\wuxia-warrior\audio\review\round6\candidates\hit\light\04_perm_movement90_hit_02.wav","C:\Users\cobra\wuxia-warrior\audio\review\all_candidates\candidates\hit\light\round6__04_perm_movement90_hit_02.wav","hit\light","9046820A040B12A58300D9FDAFDEBC3BA03017F75F0EC93488CCCB89D948B6C4"
"round6","C:\Users\cobra\wuxia-warrior\audio\review\round6\candidates\movement\backstep\01_samplekingdom_dodge_3.wav","C:\Users\cobra\wuxia-warrior\audio\review\all_candidates\candidates\movement\backstep\round6__01_samplekingdom_dodge_3.wav","movement\backstep","188D5EE69C6B11E82A88E1E31BC57947E0ED3C8DA2D8D3C0010FC88806411026"
"round6","C:\Users\cobra\wuxia-warrior\audio\review\round6\candidates\movement\backstep\02_perm_movement90_slide_01.wav","C:\Users\cobra\wuxia-warrior\audio\review\all_candidates\candidates\movement\backstep\round6__02_perm_movement90_slide_01.wav","movement\backstep","4369B807556E18BFDD8982E98912D1058C231C04F7315DD180968EB4F860A0BC"
"round6","C:\Users\cobra\wuxia-warrior\audio\review\round6\candidates\movement\backstep\03_perm_movement90_dash_evade_01.wav","C:\Users\cobra\wuxia-warrior\audio\review\all_candidates\candidates\movement\backstep\round6__03_perm_movement90_dash_evade_01.wav","movement\backstep","4A3DC2D3737BB29A4ED98A1780BED54E55F9139966BFEB8ADE535EF8C94EB727"
"round6","C:\Users\cobra\wuxia-warrior\audio\review\round6\candidates\movement\backstep\04_perm_trueheroes_step_stone_1.wav","C:\Users\cobra\wuxia-warrior\audio\review\all_candidates\candidates\movement\backstep\round6__04_perm_trueheroes_step_stone_1.wav","movement\backstep","0DE8FFF7FF8803FAEFBEF1B20DE69E60CE8B316CFDBBE3B70B0E4D9EFA428A78"
"round6","C:\Users\cobra\wuxia-warrior\audio\review\round6\candidates\movement\footstep\05_perm_movement90_step_rock_01.wav","C:\Users\cobra\wuxia-warrior\audio\review\all_candidates\candidates\movement\footstep\round6__05_perm_movement90_step_rock_01.wav","movement\footstep","68E527C7306EC85A8F98CDAD25C9A362B492F75744751C253EDDA999B5B39D3B"
"round6","C:\Users\cobra\wuxia-warrior\audio\review\round6\candidates\movement\footstep\06_perm_movement90_step_rock_02.wav","C:\Users\cobra\wuxia-warrior\audio\review\all_candidates\candidates\movement\footstep\round6__06_perm_movement90_step_rock_02.wav","movement\footstep","28E6CA958A4B8FB27FA488AEDA748D4015BBE2D8F1857BA85EFAF595A8E60E58"
"round6","C:\Users\cobra\wuxia-warrior\audio\review\round6\candidates\movement\footstep\08_perm_trueheroes_step_stone_2.wav","C:\Users\cobra\wuxia-warrior\audio\review\all_candidates\candidates\movement\footstep\round6__08_perm_trueheroes_step_stone_2.wav","movement\footstep","60A747F0FA61F2D53F22A9FAE81443D16226193BF10E8DBB9D65A41E70CCEEBB"
"round6","C:\Users\cobra\wuxia-warrior\audio\review\round6\candidates\movement\footstep\09_samplekingdom_wood_fs_1.wav","C:\Users\cobra\wuxia-warrior\audio\review\all_candidates\candidates\movement\footstep\round6__09_samplekingdom_wood_fs_1.wav","movement\footstep","C39E38E9918C85C478EBA1ED0FE778E1D5030A34A6CA173A3AD3D4E46682A8B0"
"round6","C:\Users\cobra\wuxia-warrior\audio\review\round6\candidates\movement\footstep\10_samplekingdom_wood_fs_2.wav","C:\Users\cobra\wuxia-warrior\audio\review\all_candidates\candidates\movement\footstep\round6__10_samplekingdom_wood_fs_2.wav","movement\footstep","7FFA1A874C3AB4B60D0A29E03F265F84E84697AF9361CA16E53CB1159BA43A57"
"round6","C:\Users\cobra\wuxia-warrior\audio\review\round6\candidates\movement\sidestep\01_samplekingdom_dodge_1.wav","C:\Users\cobra\wuxia-warrior\audio\review\all_candidates\candidates\movement\sidestep\round6__01_samplekingdom_dodge_1.wav","movement\sidestep","B07185D33D6A1BA34C5D7C89C9D6D2BFE86EC89073D5D381E2824C22C520AEF4"
"round6","C:\Users\cobra\wuxia-warrior\audio\review\round6\candidates\movement\sidestep\02_samplekingdom_dodge_2.wav","C:\Users\cobra\wuxia-warrior\audio\review\all_candidates\candidates\movement\sidestep\round6__02_samplekingdom_dodge_2.wav","movement\sidestep","4B4253D1C63ACF337DEC337AE9E07877F6B3386072590E6107E90FCD17603E1D"
"round6","C:\Users\cobra\wuxia-warrior\audio\review\round6\candidates\movement\sidestep\04_perm_movement90_dash_evade_02.wav","C:\Users\cobra\wuxia-warrior\audio\review\all_candidates\candidates\movement\sidestep\round6__04_perm_movement90_dash_evade_02.wav","movement\sidestep","F99EE77394A664BC652358BE4CAEE4C7FA7F02CB833664E48FE49AF33D331C4B"
"round6","C:\Users\cobra\wuxia-warrior\audio\review\round6\candidates\movement\sidestep\05_perm_movement90_dash_evade_03.wav","C:\Users\cobra\wuxia-warrior\audio\review\all_candidates\candidates\movement\sidestep\round6__05_perm_movement90_dash_evade_03.wav","movement\sidestep","24631ACAAFFED0195D4C0FA89F0BD060CF0263EC953DB5C7ED4438AAF9805856"
